insert into cargo_manifest_load(id, ship_mmsi, port_id, status)
values(1, '210950000', '25350', 0);

insert into cargo_manifest_load(id, ship_mmsi, port_id, status)
values(2, '210950000', '14635', 1);    

insert into cargo_manifest_load(id, ship_mmsi, port_id, status)
values(3, '212180000', '27792', 1);    

insert into cargo_manifest_load(id, ship_mmsi, port_id, status)
values(4, '212180000', '20301', 0);    

insert into cargo_manifest_load(id, ship_mmsi, port_id, status)
values(5, '212180000', '20301', 0);    

insert into cargo_manifest_load(id, ship_mmsi, port_id, status)
values(6, '212351000', '18476', 0);    

insert into cargo_manifest_load(id, ship_mmsi, port_id, status)
values(7, '228339600', '28313', 0);    

insert into cargo_manifest_load(id, ship_mmsi, port_id, status)
values(8, '228339600', '28082', 0);    

insert into cargo_manifest_load(id, ship_mmsi, port_id, status)
values(9, '229767000', '20301', 0);    

insert into cargo_manifest_load(id, ship_mmsi, port_id, status)
values(10, '229767000', '27248', 0);    

insert into cargo_manifest_load(id, ship_mmsi, port_id, status)
values(11, '229857000', '20351', 0);    

insert into cargo_manifest_load(id, ship_mmsi, port_id, status)
values(12, '229857000', '18476', 0);    

insert into cargo_manifest_load(id, ship_mmsi, port_id, status)
values(13, '229961000', '23428', 0);    

insert into cargo_manifest_load(id, ship_mmsi, port_id, status)
values(14, '229961000', '13390', 0);    

insert into cargo_manifest_load(id, ship_mmsi, port_id, status)
values(15, '235092459', '18937', 0);    

insert into cargo_manifest_load(id, ship_mmsi, port_id, status)
values(16, '235092459', '25007', 0);

insert into container (id, check_digit, iso, weight, max_weight, max_weight_incl, max_volume, refrigerated, certificate, repairRecommendation) 
values (3058855, 5, '87T1', 9127, 9966, 20000, 69, 1, 'certificate', 'repair recomendation');

insert into container (id, check_digit, iso, weight, max_weight, max_weight_incl, max_volume, refrigerated, certificate, repairRecommendation) 
values (5984631, 1, '73P1', 9018, 8929, 20000, 54, 1, 'certificate', 'repair recomendation');

insert into container (id, check_digit, iso, weight, max_weight, max_weight_incl, max_volume, refrigerated, certificate, repairRecommendation) 
values (6155496, 6, '45R1', 5434, 8069, 20000, 81, 0, 'certificate', 'repair recomendation');

insert into container (id, check_digit, iso, weight, max_weight, max_weight_incl, max_volume, refrigerated, certificate, repairRecommendation) 
values (2635344, 4, '91R1', 8950, 5886, 20000, 57, 0, 'certificate', 'repair recomendation');

insert into container (id, check_digit, iso, weight, max_weight, max_weight_incl, max_volume, refrigerated, certificate, repairRecommendation) 
values (5845946, 6, '82T1', 9292, 5175, 20000, 65, 0, 'certificate', 'repair recomendation');

insert into container (id, check_digit, iso, weight, max_weight, max_weight_incl, max_volume, refrigerated, certificate, repairRecommendation) 
values (1713552, 2, '40R1', 9495, 7773, 20000, 94, 1, 'certificate', 'repair recomendation');

insert into container (id, check_digit, iso, weight, max_weight, max_weight_incl, max_volume, refrigerated, certificate, repairRecommendation) 
values (3623003, 3, '55P1', 8631, 9797, 20000, 62, 0, 'certificate', 'repair recomendation');

insert into container (id, check_digit, iso, weight, max_weight, max_weight_incl, max_volume, refrigerated, certificate, repairRecommendation) 
values (7334328, 8, '66P1', 6645, 7022, 20000, 74, 1, 'certificate', 'repair recomendation');

insert into container (id, check_digit, iso, weight, max_weight, max_weight_incl, max_volume, refrigerated, certificate, repairRecommendation) 
values (1561991, 1, '36T1', 9290, 8823, 20000, 69, 1, 'certificate', 'repair recomendation');

insert into container (id, check_digit, iso, weight, max_weight, max_weight_incl, max_volume, refrigerated, certificate, repairRecommendation) 
values (9029035, 5, '41U1', 6926, 5732, 20000, 63, 1, 'certificate', 'repair recomendation');

insert into container (id, check_digit, iso, weight, max_weight, max_weight_incl, max_volume, refrigerated, certificate, repairRecommendation) 
values (9690694, 4, '65R1', 6579, 8461, 20000, 50, 0, 'certificate', 'repair recomendation');

insert into container (id, check_digit, iso, weight, max_weight, max_weight_incl, max_volume, refrigerated, certificate, repairRecommendation) 
values (4818422, 2, '66R1', 6278, 8935, 20000, 99, 1, 'certificate', 'repair recomendation');

insert into container (id, check_digit, iso, weight, max_weight, max_weight_incl, max_volume, refrigerated, certificate, repairRecommendation) 
values (3635954, 4, '86R1', 5868, 7563, 20000, 88, 0, 'certificate', 'repair recomendation');

insert into container (id, check_digit, iso, weight, max_weight, max_weight_incl, max_volume, refrigerated, certificate, repairRecommendation) 
values (4303830, 0, '40U1', 6812, 9607, 20000, 87, 1, 'certificate', 'repair recomendation');

insert into container (id, check_digit, iso, weight, max_weight, max_weight_incl, max_volume, refrigerated, certificate, repairRecommendation) 
values (1543489, 9, '92R1', 5302, 7123, 20000, 81, 0, 'certificate', 'repair recomendation');

insert into container (id, check_digit, iso, weight, max_weight, max_weight_incl, max_volume, refrigerated, certificate, repairRecommendation) 
values (9979481, 1, '42R1', 5579, 8211, 20000, 88, 1, 'certificate', 'repair recomendation');

insert into container (id, check_digit, iso, weight, max_weight, max_weight_incl, max_volume, refrigerated, certificate, repairRecommendation) 
values (7649632, 2, '89G1', 8542, 8447, 20000, 84, 0, 'certificate', 'repair recomendation');

insert into container (id, check_digit, iso, weight, max_weight, max_weight_incl, max_volume, refrigerated, certificate, repairRecommendation) 
values (3200930, 0, '95G1', 8494, 8287, 20000, 77, 1, 'certificate', 'repair recomendation');

insert into container (id, check_digit, iso, weight, max_weight, max_weight_incl, max_volume, refrigerated, certificate, repairRecommendation) 
values (2173466, 6, '56R1', 6013, 8674, 20000, 85, 0, 'certificate', 'repair recomendation');

insert into container (id, check_digit, iso, weight, max_weight, max_weight_incl, max_volume, refrigerated, certificate, repairRecommendation) 
values (2189002, 2, '72P1', 7576, 6879, 20000, 51, 1, 'certificate', 'repair recomendation');

insert into container (id, check_digit, iso, weight, max_weight, max_weight_incl, max_volume, refrigerated, certificate, repairRecommendation) 
values (5872353, 3, '86U1', 7419, 6081, 20000, 75, 0, 'certificate', 'repair recomendation');

insert into container (id, check_digit, iso, weight, max_weight, max_weight_incl, max_volume, refrigerated, certificate, repairRecommendation) 
values (3618039, 9, '89G1', 6392, 5782, 20000, 82, 1, 'certificate', 'repair recomendation');

insert into container (id, check_digit, iso, weight, max_weight, max_weight_incl, max_volume, refrigerated, certificate, repairRecommendation) 
values (3228323, 3, '54U1', 7893, 8206, 20000, 57, 0, 'certificate', 'repair recomendation');

insert into container (id, check_digit, iso, weight, max_weight, max_weight_incl, max_volume, refrigerated, certificate, repairRecommendation) 
values (2605920, 0, '44R1', 5290, 7826, 20000, 98, 1, 'certificate', 'repair recomendation');

insert into container (id, check_digit, iso, weight, max_weight, max_weight_incl, max_volume, refrigerated, certificate, repairRecommendation) 
values (8815372, 2, '65P1', 7954, 9478, 20000, 81, 0, 'certificate', 'repair recomendation');

insert into container (id, check_digit, iso, weight, max_weight, max_weight_incl, max_volume, refrigerated, certificate, repairRecommendation) 
values (1342854, 4, '37T1', 5032, 9623, 20000, 61, 1, 'certificate', 'repair recomendation');

insert into container (id, check_digit, iso, weight, max_weight, max_weight_incl, max_volume, refrigerated, certificate, repairRecommendation) 
values (4756953, 3, '75P1', 7752, 5411, 20000, 72, 0, 'certificate', 'repair recomendation');

insert into container (id, check_digit, iso, weight, max_weight, max_weight_incl, max_volume, refrigerated, certificate, repairRecommendation) 
values (3022528, 8, '76U1', 8696, 8697, 20000, 92, 1, 'certificate', 'repair recomendation');

insert into container (id, check_digit, iso, weight, max_weight, max_weight_incl, max_volume, refrigerated, certificate, repairRecommendation) 
values (6934990, 0, '75G1', 8186, 6876, 20000, 55, 0, 'certificate', 'repair recomendation');

insert into container (id, check_digit, iso, weight, max_weight, max_weight_incl, max_volume, refrigerated, certificate, repairRecommendation) 
values (9338922, 2, '68R1', 7554, 6041, 20000, 65, 1, 'certificate', 'repair recomendation');

insert into container (id, check_digit, iso, weight, max_weight, max_weight_incl, max_volume, refrigerated, certificate, repairRecommendation) 
values (6065180, 0, '30R1', 7224, 8338, 20000, 82, 0, 'certificate', 'repair recomendation');

insert into container (id, check_digit, iso, weight, max_weight, max_weight_incl, max_volume, refrigerated, certificate, repairRecommendation) 
values (3560906, 6, '40U1', 5682, 5637, 20000, 87, 1, 'certificate', 'repair recomendation');

insert into container (id, check_digit, iso, weight, max_weight, max_weight_incl, max_volume, refrigerated, certificate, repairRecommendation) 
values (2655085, 5, '24R1', 5560, 7987, 20000, 54, 0, 'certificate', 'repair recomendation');

insert into container (id, check_digit, iso, weight, max_weight, max_weight_incl, max_volume, refrigerated, certificate, repairRecommendation) 
values (7069479, 9, '58T1', 5447, 9417, 20000, 61, 1, 'certificate', 'repair recomendation');

insert into container (id, check_digit, iso, weight, max_weight, max_weight_incl, max_volume, refrigerated, certificate, repairRecommendation) 
values (6582421, 1, '12G1', 5222, 5035, 20000, 59, 0, 'certificate', 'repair recomendation');

insert into container (id, check_digit, iso, weight, max_weight, max_weight_incl, max_volume, refrigerated, certificate, repairRecommendation) 
values (4269230, 0, '29R1', 5547, 5656, 20000, 78, 1, 'certificate', 'repair recomendation');

insert into container (id, check_digit, iso, weight, max_weight, max_weight_incl, max_volume, refrigerated, certificate, repairRecommendation) 
values (7717864, 4, '17R1', 7414, 7817, 20000, 53, 1, 'certificate', 'repair recomendation');

insert into container (id, check_digit, iso, weight, max_weight, max_weight_incl, max_volume, refrigerated, certificate, repairRecommendation) 
values (9724193, 3, '86U1', 5772, 8355, 20000, 63, 0, 'certificate', 'repair recomendation');

insert into container (id, check_digit, iso, weight, max_weight, max_weight_incl, max_volume, refrigerated, certificate, repairRecommendation) 
values (4915783, 3, '97G1', 7701, 8875, 20000, 72, 1, 'certificate', 'repair recomendation');

insert into container (id, check_digit, iso, weight, max_weight, max_weight_incl, max_volume, refrigerated, certificate, repairRecommendation) 
values (8678699, 9, '76R1', 6029, 9060, 20000, 82, 0, 'certificate', 'repair recomendation');

insert into container (id, check_digit, iso, weight, max_weight, max_weight_incl, max_volume, refrigerated, certificate, repairRecommendation) 
values (5784688, 8, '30U1', 7361, 9454, 20000, 71, 1, 'certificate', 'repair recomendation');

insert into container (id, check_digit, iso, weight, max_weight, max_weight_incl, max_volume, refrigerated, certificate, repairRecommendation) 
values (1156672, 2, '41G1', 9999, 7379, 20000, 92, 0, 'certificate', 'repair recomendation');

insert into container (id, check_digit, iso, weight, max_weight, max_weight_incl, max_volume, refrigerated, certificate, repairRecommendation) 
values (8498482, 2, '44G1', 6006, 6917, 20000, 52, 1, 'certificate', 'repair recomendation');

insert into container (id, check_digit, iso, weight, max_weight, max_weight_incl, max_volume, refrigerated, certificate, repairRecommendation) 
values (2968086, 6, '63U1', 8394, 7272, 20000, 93, 0, 'certificate', 'repair recomendation');

insert into container (id, check_digit, iso, weight, max_weight, max_weight_incl, max_volume, refrigerated, certificate, repairRecommendation) 
values (9321961, 1, '52R1', 5113, 5564, 20000, 55, 1, 'certificate', 'repair recomendation');

insert into container (id, check_digit, iso, weight, max_weight, max_weight_incl, max_volume, refrigerated, certificate, repairRecommendation) 
values (1677078, 8, '96U1', 9514, 5671, 20000, 99, 0, 'certificate', 'repair recomendation');

insert into container (id, check_digit, iso, weight, max_weight, max_weight_incl, max_volume, refrigerated, certificate, repairRecommendation) 
values (7976295, 5, '23T1', 7478, 5352, 20000, 88, 1, 'certificate', 'repair recomendation');

insert into container (id, check_digit, iso, weight, max_weight, max_weight_incl, max_volume, refrigerated, certificate, repairRecommendation) 
values (5352181, 1, '93T1', 8747, 5418, 20000, 54, 0, 'certificate', 'repair recomendation');

insert into container (id, check_digit, iso, weight, max_weight, max_weight_incl, max_volume, refrigerated, certificate, repairRecommendation) 
values (5331401, 1, '66U1', 5798, 7080, 20000, 86, 1, 'certificate', 'repair recomendation');

insert into container (id, check_digit, iso, weight, max_weight, max_weight_incl, max_volume, refrigerated, certificate, repairRecommendation) 
values (6366662, 2, '36R1', 5290, 6752, 20000, 51, 0, 'certificate', 'repair recomendation');

insert into container (id, check_digit, iso, weight, max_weight, max_weight_incl, max_volume, refrigerated, certificate, repairRecommendation) 
values (2169891, 1, '33P1', 9571, 8876, 20000, 51, 1, 'certificate', 'repair recomendation');

insert into container (id, check_digit, iso, weight, max_weight, max_weight_incl, max_volume, refrigerated, certificate, repairRecommendation) 
values (1299302, 2, '59R1', 5827, 6969, 20000, 78, 0, 'certificate', 'repair recomendation');

insert into container (id, check_digit, iso, weight, max_weight, max_weight_incl, max_volume, refrigerated, certificate, repairRecommendation) 
values (7927447, 7, '28U1', 5762, 5251, 20000, 64, 1, 'certificate', 'repair recomendation');

insert into container (id, check_digit, iso, weight, max_weight, max_weight_incl, max_volume, refrigerated, certificate, repairRecommendation) 
values (3209125, 5, '49P1', 9285, 8818, 20000, 97, 1, 'certificate', 'repair recomendation');

insert into container (id, check_digit, iso, weight, max_weight, max_weight_incl, max_volume, refrigerated, certificate, repairRecommendation) 
values (7682678, 8, '37U1', 9429, 6101, 20000, 66, 0, 'certificate', 'repair recomendation');

insert into container (id, check_digit, iso, weight, max_weight, max_weight_incl, max_volume, refrigerated, certificate, repairRecommendation) 
values (3200085, 5, '78T1', 7875, 9359, 20000, 77, 1, 'certificate', 'repair recomendation');

insert into container (id, check_digit, iso, weight, max_weight, max_weight_incl, max_volume, refrigerated, certificate, repairRecommendation) 
values (6007593, 3, '64T1', 9573, 7802, 20000, 63, 0, 'certificate', 'repair recomendation');

insert into container (id, check_digit, iso, weight, max_weight, max_weight_incl, max_volume, refrigerated, certificate, repairRecommendation) 
values (3098901, 1, '12G1', 6094, 6092, 20000, 54, 1, 'certificate', 'repair recomendation');

insert into container (id, check_digit, iso, weight, max_weight, max_weight_incl, max_volume, refrigerated, certificate, repairRecommendation) 
values (3199271, 1, '51T1', 6095, 6230, 20000, 96, 0, 'certificate', 'repair recomendation');

insert into container (id, check_digit, iso, weight, max_weight, max_weight_incl, max_volume, refrigerated, certificate, repairRecommendation) 
values (5843212, 2, '29U1', 5438, 5541, 20000, 66, 1, 'certificate', 'repair recomendation');

insert into container (id, check_digit, iso, weight, max_weight, max_weight_incl, max_volume, refrigerated, certificate, repairRecommendation) 
values (9229885, 5, '54T1', 7770, 6387, 20000, 81, 0, 'certificate', 'repair recomendation');

insert into container (id, check_digit, iso, weight, max_weight, max_weight_incl, max_volume, refrigerated, certificate, repairRecommendation) 
values (8372469, 9, '59T1', 9797, 9391, 20000, 85, 1, 'certificate', 'repair recomendation');

insert into container (id, check_digit, iso, weight, max_weight, max_weight_incl, max_volume, refrigerated, certificate, repairRecommendation) 
values (9701900, 0, '19P1', 5465, 8671, 20000, 54, 0, 'certificate', 'repair recomendation');

insert into container (id, check_digit, iso, weight, max_weight, max_weight_incl, max_volume, refrigerated, certificate, repairRecommendation) 
values (8306364, 4, '65R1', 6121, 5713, 20000, 95, 1, 'certificate', 'repair recomendation');

insert into container (id, check_digit, iso, weight, max_weight, max_weight_incl, max_volume, refrigerated, certificate, repairRecommendation) 
values (4631874, 4, '83P1', 5930, 7324, 20000, 92, 0, 'certificate', 'repair recomendation');

insert into container (id, check_digit, iso, weight, max_weight, max_weight_incl, max_volume, refrigerated, certificate, repairRecommendation) 
values (7200382, 2, '78T1', 8797, 9316, 20000, 94, 1, 'certificate', 'repair recomendation');

insert into container (id, check_digit, iso, weight, max_weight, max_weight_incl, max_volume, refrigerated, certificate, repairRecommendation) 
values (6917430, 0, '47R1', 7511, 6479, 20000, 60, 0, 'certificate', 'repair recomendation');

insert into container (id, check_digit, iso, weight, max_weight, max_weight_incl, max_volume, refrigerated, certificate, repairRecommendation) 
values (5798951, 1, '19U1', 9745, 6807, 20000, 78, 1, 'certificate', 'repair recomendation');

insert into container (id, check_digit, iso, weight, max_weight, max_weight_incl, max_volume, refrigerated, certificate, repairRecommendation) 
values (1180336, 6, '43R1', 5361, 7412, 20000, 59, 0, 'certificate', 'repair recomendation');

insert into container (id, check_digit, iso, weight, max_weight, max_weight_incl, max_volume, refrigerated, certificate, repairRecommendation) 
values (9716577, 7, '68T1', 6913, 7925, 20000, 98, 1, 'certificate', 'repair recomendation');

insert into container (id, check_digit, iso, weight, max_weight, max_weight_incl, max_volume, refrigerated, certificate, repairRecommendation) 
values (8833149, 9, '31U1', 8785, 8280, 20000, 64, 0, 'certificate', 'repair recomendation');

insert into container (id, check_digit, iso, weight, max_weight, max_weight_incl, max_volume, refrigerated, certificate, repairRecommendation) 
values (8919115, 5, '31R1', 7388, 5899, 20000, 89, 1, 'certificate', 'repair recomendation');

insert into container (id, check_digit, iso, weight, max_weight, max_weight_incl, max_volume, refrigerated, certificate, repairRecommendation) 
values (1025637, 7, '77T1', 8987, 5066, 20000, 74, 0, 'certificate', 'repair recomendation');

insert into container (id, check_digit, iso, weight, max_weight, max_weight_incl, max_volume, refrigerated, certificate, repairRecommendation) 
values (8580682, 2, '19P1', 7762, 7181, 20000, 58, 1, 'certificate', 'repair recomendation');

insert into container (id, check_digit, iso, weight, max_weight, max_weight_incl, max_volume, refrigerated, certificate, repairRecommendation) 
values (6680399, 9, '10T1', 9291, 9634, 20000, 87, 0, 'certificate', 'repair recomendation');

insert into container (id, check_digit, iso, weight, max_weight, max_weight_incl, max_volume, refrigerated, certificate, repairRecommendation) 
values (6194686, 6, '32T1', 7659, 9633, 20000, 76, 1, 'certificate', 'repair recomendation');

insert into container (id, check_digit, iso, weight, max_weight, max_weight_incl, max_volume, refrigerated, certificate, repairRecommendation) 
values (1258962, 2, '38P1', 7144, 6990, 20000, 92, 0, 'certificate', 'repair recomendation');

insert into container (id, check_digit, iso, weight, max_weight, max_weight_incl, max_volume, refrigerated, certificate, repairRecommendation) 
values (5448092, 2, '17P1', 7054, 7658, 20000, 81, 1, 'certificate', 'repair recomendation');

insert into container (id, check_digit, iso, weight, max_weight, max_weight_incl, max_volume, refrigerated, certificate, repairRecommendation) 
values (9365428, 8, '48T1', 5509, 6388, 20000, 95, 0, 'certificate', 'repair recomendation');

insert into container (id, check_digit, iso, weight, max_weight, max_weight_incl, max_volume, refrigerated, certificate, repairRecommendation) 
values (5228887, 7, '74G1', 6314, 7421, 20000, 63, 1, 'certificate', 'repair recomendation');

insert into container (id, check_digit, iso, weight, max_weight, max_weight_incl, max_volume, refrigerated, certificate, repairRecommendation) 
values (7222282, 2, '13T1', 6139, 9003, 20000, 52, 0, 'certificate', 'repair recomendation');

insert into container (id, check_digit, iso, weight, max_weight, max_weight_incl, max_volume, refrigerated, certificate, repairRecommendation) 
values (3964689, 9, '53R1', 5909, 9149, 20000, 50, 1, 'certificate', 'repair recomendation');

insert into container (id, check_digit, iso, weight, max_weight, max_weight_incl, max_volume, refrigerated, certificate, repairRecommendation) 
values (6248403, 3, '23T1', 5088, 9254, 20000, 93, 0, 'certificate', 'repair recomendation');

insert into container (id, check_digit, iso, weight, max_weight, max_weight_incl, max_volume, refrigerated, certificate, repairRecommendation) 
values (9777515, 5, '41T1', 9486, 6297, 20000, 59, 1, 'certificate', 'repair recomendation');

insert into container (id, check_digit, iso, weight, max_weight, max_weight_incl, max_volume, refrigerated, certificate, repairRecommendation) 
values (7800525, 5, '94P1', 9640, 8412, 20000, 97, 0, 'certificate', 'repair recomendation');

insert into container (id, check_digit, iso, weight, max_weight, max_weight_incl, max_volume, refrigerated, certificate, repairRecommendation) 
values (5034941, 1, '81G1', 5422, 5037, 20000, 79, 1, 'certificate', 'repair recomendation');

insert into container (id, check_digit, iso, weight, max_weight, max_weight_incl, max_volume, refrigerated, certificate, repairRecommendation) 
values (1756331, 1, '96T1', 5358, 5910, 20000, 98, 0, 'certificate', 'repair recomendation');

insert into container (id, check_digit, iso, weight, max_weight, max_weight_incl, max_volume, refrigerated, certificate, repairRecommendation) 
values (4428520, 0, '62U1', 5965, 6059, 20000, 75, 1, 'certificate', 'repair recomendation');

insert into container (id, check_digit, iso, weight, max_weight, max_weight_incl, max_volume, refrigerated, certificate, repairRecommendation) 
values (1693128, 8, '59R1', 7719, 7956, 20000, 71, 0, 'certificate', 'repair recomendation');

insert into container (id, check_digit, iso, weight, max_weight, max_weight_incl, max_volume, refrigerated, certificate, repairRecommendation) 
values (3415319, 9, '83T1', 5630, 8943, 20000, 60, 1, 'certificate', 'repair recomendation');

insert into container (id, check_digit, iso, weight, max_weight, max_weight_incl, max_volume, refrigerated, certificate, repairRecommendation) 
values (8352028, 8, '36P1', 6111, 9862, 20000, 57, 0, 'certificate', 'repair recomendation');

insert into container (id, check_digit, iso, weight, max_weight, max_weight_incl, max_volume, refrigerated, certificate, repairRecommendation) 
values (5323205, 5, '82R1', 7326, 6173, 20000, 50, 1, 'certificate', 'repair recomendation');

insert into container (id, check_digit, iso, weight, max_weight, max_weight_incl, max_volume, refrigerated, certificate, repairRecommendation) 
values (4020721, 1, '84P1', 6860, 8642, 20000, 89, 0, 'certificate', 'repair recomendation');

insert into container (id, check_digit, iso, weight, max_weight, max_weight_incl, max_volume, refrigerated, certificate, repairRecommendation) 
values (3594141, 1, '88P1', 9144, 9332, 20000, 75, 1, 'certificate', 'repair recomendation');

insert into container (id, check_digit, iso, weight, max_weight, max_weight_incl, max_volume, refrigerated, certificate, repairRecommendation) 
values (7495259, 9, '25T1', 5620, 9330, 20000, 85, 0, 'certificate', 'repair recomendation');

insert into container (id, check_digit, iso, weight, max_weight, max_weight_incl, max_volume, refrigerated, certificate, repairRecommendation) 
values (4735783, 3, '60R1', 6512, 5292, 20000, 96, 1, 'certificate', 'repair recomendation');

insert into container (id, check_digit, iso, weight, max_weight, max_weight_incl, max_volume, refrigerated, certificate, repairRecommendation) 
values (4297686, 6, '73G1', 8344, 6209, 20000, 99, 0, 'certificate', 'repair recomendation');

insert into container (id, check_digit, iso, weight, max_weight, max_weight_incl, max_volume, refrigerated, certificate, repairRecommendation) 
values (732975, 5, '39U1', 9334, 8930, 20000, 63, 1, 'certificate', 'repair recomendation');

insert into container (id, check_digit, iso, weight, max_weight, max_weight_incl, max_volume, refrigerated, certificate, repairRecommendation) 
values (2431922, 2, '21R1', 7383, 9930, 20000, 85, 0, 'certificate', 'repair recomendation');

insert into container (id, check_digit, iso, weight, max_weight, max_weight_incl, max_volume, refrigerated, certificate, repairRecommendation) 
values (4706480, 0, '85T1', 5264, 5823, 20000, 52, 1, 'certificate', 'repair recomendation');

insert into stage(id, cargo_load_id, departure_date, arrival_date, port_id)
values(1, 1, '2021/01/16', '2022/01/16', '25350');

insert into stage(id, cargo_load_id, departure_date, arrival_date, port_id)
values(2, 1, '2022/01/16', '2022/03/20', '27792');

insert into stage(id, cargo_load_id, departure_date, arrival_date, port_id)
values(3, 1, '2022/03/20', '2022/08/24', '28261');

insert into stage(id, cargo_load_id, departure_date, arrival_date, port_id)
values(1, 2, '2021/03/10', '2022/01/16', '14635');

insert into stage(id, cargo_load_id, departure_date, arrival_date, port_id)
values(2, 2, '2022/01/16', '2022/02/16', '25007');

insert into stage(id, cargo_load_id, departure_date, arrival_date, port_id)
values(1, 3, '2021/01/07', '2022/01/16', '13012');

insert into stage(id, cargo_load_id, departure_date, arrival_date, port_id)
values(2, 3, '2022/01/16', '2022/03/20', '27792');

insert into stage(id, cargo_load_id, departure_date, arrival_date, port_id)
values(3, 3, '2022/03/20', '2022/04/16', '18937');

insert into stage(id, cargo_load_id, departure_date, arrival_date, port_id)
values(4, 3, '2022/04/16', '2022/07/16', '18326');

insert into stage(id, cargo_load_id, departure_date, arrival_date, port_id)
values(5, 3, '2022/07/16', '2022/08/15', '20301');

insert into stage(id, cargo_load_id, departure_date, arrival_date, port_id)
values(1, 4, '2021/10/26', '2022/01/16', '20301');

insert into stage(id, cargo_load_id, departure_date, arrival_date, port_id)
values(1, 5, '2021/09/18', '2022/01/16', '10860');

insert into stage(id, cargo_load_id, departure_date, arrival_date, port_id)
values(1, 6, '2022/05/07', '2022/07/16', '28261');

insert into stage(id, cargo_load_id, departure_date, arrival_date, port_id)
values(1, 7, '2021/06/08', '2022/01/16', '28313');

insert into stage(id, cargo_load_id, departure_date, arrival_date, port_id)
values(1, 8, '2021/08/25', '2022/01/16', '28082');

insert into stage(id, cargo_load_id, departure_date, arrival_date, port_id)
values(1, 9, '2021/05/15', '2022/01/16', '20301');

insert into stage(id, cargo_load_id, departure_date, arrival_date, port_id)
values(1, 10, '2021/03/07', '2022/01/16', '27248');

insert into stage(id, cargo_load_id, departure_date, arrival_date, port_id)
values(1, 11, '2021/03/01', '2022/01/16', '20351');

insert into stage(id, cargo_load_id, departure_date, arrival_date, port_id)
values(1, 12, '2021/01/10', '2022/01/16', '18476');

insert into stage(id, cargo_load_id, departure_date, arrival_date, port_id)
values(1, 13, '2021/01/11', '2022/01/16', '23428');

insert into stage(id, cargo_load_id, departure_date, arrival_date, port_id)
values(1, 14, '2021/04/30', '2022/01/16', '13390');

insert into stage(id, cargo_load_id, departure_date, arrival_date, port_id)
values(1, 15, '2021/08/21', '2022/01/16', '18937');

insert into stage(id, cargo_load_id, departure_date, arrival_date, port_id)
values(1, 16, '2021/03/26', '2022/01/16', '25007');

insert into container_cargoManifest (container_x, container_y, container_z, container_weight, container_id, stage_id, cargo_manifest_id) 
values (1634, 6502, 8884, 11000, 3058855, 1, 1);

insert into container_cargoManifest (container_x, container_y, container_z, container_weight, container_id, stage_id, cargo_manifest_id) 
values (1634, 6502, 8884, 13500, 3058855, 2, 1);

insert into container_cargoManifest (container_x, container_y, container_z, container_weight, container_id, stage_id, cargo_manifest_id) 
values (1634, 6502, 8884, 12000, 3058855, 3, 1);

insert into container_cargoManifest (container_x, container_y, container_z, container_weight, container_id, stage_id, cargo_manifest_id)
 values (6984, 3175, 4183, 10000, 5984631, 1, 2);
 
 insert into container_cargoManifest (container_x, container_y, container_z, container_weight, container_id, stage_id, cargo_manifest_id)
 values (6984, 3175, 4183, 10250, 5984631, 2, 2);

insert into container_cargoManifest (container_x, container_y, container_z, container_weight, container_id, stage_id, cargo_manifest_id)
 values (4070, 9489, 4625, 10000, 8306364, 1, 3);
 
 insert into container_cargoManifest (container_x, container_y, container_z, container_weight, container_id, stage_id, cargo_manifest_id)
 values (4070, 9489, 4625, 14000, 8306364, 2, 3);
 
 insert into container_cargoManifest (container_x, container_y, container_z, container_weight, container_id, stage_id, cargo_manifest_id)
 values (4070, 9489, 4625, 15000, 8306364, 3, 3);
 
 insert into container_cargoManifest (container_x, container_y, container_z, container_weight, container_id, stage_id, cargo_manifest_id)
 values (4070, 9489, 4625, 15500, 8306364, 4, 3);
 
 insert into container_cargoManifest (container_x, container_y, container_z, container_weight, container_id, stage_id, cargo_manifest_id)
 values (4070, 9489, 4625, 11000, 8306364, 5, 3);

insert into container_cargoManifest (container_x, container_y, container_z, container_weight, container_id, stage_id, cargo_manifest_id)
 values (4447, 1648, 4544, 9500, 5323205, 1, 4);

insert into container_cargoManifest (container_x, container_y, container_z, container_weight, container_id, stage_id, cargo_manifest_id)
 values (2127, 5546, 5784, 10500, 6155496, 1, 5);

insert into container_cargoManifest (container_x, container_y, container_z, container_weight, container_id, stage_id, cargo_manifest_id)
 values (4806, 4495, 5406, 13000, 7222282, 1, 6);

insert into container_cargoManifest (container_x, container_y, container_z, container_weight, container_id, stage_id, cargo_manifest_id)
 values (3218, 8472, 6310, 11000, 2635344, 1, 7);

insert into container_cargoManifest (container_x, container_y, container_z, container_weight, container_id, stage_id, cargo_manifest_id)
 values (8779, 3074, 8700, 14000, 9777515, 1, 8);

insert into container_cargoManifest (container_x, container_y, container_z, container_weight, container_id, stage_id, cargo_manifest_id)
 values (7101, 6376, 4950, 15000, 5845946, 1, 9);

insert into container_cargoManifest (container_x, container_y, container_z, container_weight, container_id, stage_id, cargo_manifest_id)
 values (9398, 2688, 7589, 16500, 8306364, 1, 10);

insert into container_cargoManifest (container_x, container_y, container_z, container_weight, container_id, stage_id, cargo_manifest_id)
 values (4991, 4820, 9871, 16000, 1713552, 1, 11);

insert into container_cargoManifest (container_x, container_y, container_z, container_weight, container_id, stage_id, cargo_manifest_id)
 values (6939, 3930, 9805, 12000, 1693128, 1, 12);

insert into container_cargoManifest (container_x, container_y, container_z, container_weight, container_id, stage_id, cargo_manifest_id)
 values (3731, 2648, 2912, 11500, 3623003, 1, 13);

insert into container_cargoManifest (container_x, container_y, container_z, container_weight, container_id, stage_id, cargo_manifest_id)
 values (5210, 2846, 2966, 10000, 1025637, 1, 14);

insert into container_cargoManifest (container_x, container_y, container_z, container_weight, container_id, stage_id, cargo_manifest_id)
 values (7243, 7309, 1743, 9500, 7334328, 1, 15);

insert into container_cargoManifest (container_x, container_y, container_z, container_weight, container_id, stage_id, cargo_manifest_id)
 values (8959, 5602, 9849, 14500, 4269230, 1, 16);

insert into cargo_manifest_unload(cargo_unload_id, stage_id, port_id)
values(1, 1, '25350');

insert into cargo_manifest_unload(cargo_unload_id, stage_id, port_id)
values(1, 2, '27792');

insert into cargo_manifest_unload(cargo_unload_id, stage_id, port_id)
values(1, 3, '28261');

insert into cargo_manifest_unload(cargo_unload_id, stage_id, port_id)
values(2, 1, '14635');

insert into cargo_manifest_unload(cargo_unload_id, stage_id, port_id)
values(2, 2, '25007'); 

insert into cargo_manifest_unload(cargo_unload_id, stage_id, port_id)
values(3, 1, '13012');

insert into cargo_manifest_unload(cargo_unload_id, stage_id, port_id)
values(3, 2, '27792');

insert into cargo_manifest_unload(cargo_unload_id, stage_id, port_id)
values(3, 3, '18937');

insert into cargo_manifest_unload(cargo_unload_id, stage_id, port_id)
values(3, 4, '18326');



insert into cargo_manifest_unload(cargo_unload_id, stage_id, port_id)
values(4, 1, '30045');    

insert into cargo_manifest_unload(cargo_unload_id, stage_id, port_id)
values(5, 1, '10860');    

insert into cargo_manifest_unload(cargo_unload_id, stage_id, port_id)
values(6, 1, '28261');    

insert into cargo_manifest_unload(cargo_unload_id, stage_id, port_id)
values(7, 1, '28313');    

insert into cargo_manifest_unload(cargo_unload_id, stage_id, port_id)
values(8, 1, '28082');    

insert into cargo_manifest_unload(cargo_unload_id, stage_id, port_id)
values(9, 1, '20301');    

insert into cargo_manifest_unload(cargo_unload_id, stage_id, port_id)
values(10, 1, '27248');    

insert into cargo_manifest_unload(cargo_unload_id, stage_id, port_id)
values(11, 1, '20351');    

insert into cargo_manifest_unload(cargo_unload_id, stage_id, port_id)
values(12, 1, '18476');    

insert into cargo_manifest_unload(cargo_unload_id, stage_id, port_id)
values(13, 1, '23428');    

insert into cargo_manifest_unload(cargo_unload_id, stage_id, port_id)
values(14, 1, '13390');    

insert into cargo_manifest_unload(cargo_unload_id, stage_id, port_id)
values(15, 1, '18937');    

insert into cargo_manifest_unload(cargo_unload_id, stage_id, port_id)
values(16, 1, '25007');